Method,RelWeight
Entropy,0.3196367027222334
WASPAS,0.339885275434575
PROMETHEE,0.3404780218431917
